joint_type,thickness_min_mm,thickness_max_mm,process,position,current_a,voltage_v,speed_cm_min
FILLET,3.2,3.2,GMAW,2F,310-320,30-31,120
FILLET,4.5,4.5,GMAW,2F,360-380,33-34,120
FILLET,6,6,GMAW,2F,420-440,35-37,120
FILLET,8,8,GMAW,2F,420-440,35-37,100
FILLET,10,10,GMAW,2F,420-440,35-37,60
FILLET,6,6,GMAW,1F,300-350,30-35,40-45
FILLET,8,8,GMAW,1F,300-350,30-36,40-45
FILLET,12,12,GMAW,1F,450-480,39-42,25-30
BUTT_I,6,6,GMAW,1G,270-300,27-30,60-70
BUTT_I,8,8,GMAW,1G,300-350,30-35,30-40
BUTT_I,12,12,GMAW,1G,420-480,38-41,50-60
